﻿Analysis group,Analysis number,Analysis name,Analysis group name,Data source,Data source eligibility,Data type,Log-scale data,Outcome,Intervention grouping,Experimental intervention,Control intervention,Subgroup by,Filter criteria,Experimental group label,Control group label,Statistical method,Effect measure,Unit of effect measure,Analysis model,Heterogeneity estimator,Tau² CI,Subgroup estimates,Overall estimates,Test for subgroup differences,Prediction interval,Swap event and non-event,CI method,CI/PI level,Experimental cases,Experimental N,Control cases,Control N,Mean,CI start,CI end,PI start,PI end,Heterogeneity Tau²,Tau² CI start,Tau² CI end,Heterogeneity Chi²,Heterogeneity df,Heterogeneity P,Heterogeneity I²,Effect Z,Effect P,Subgroup Chi²,Subgroup df,Subgroup P,Subgroup I²,ID
1,1,Clinical vertebral fractures,Alendronate 10 mg/day vs Placebo - Base case,Custom input,"#N/A",Dichotomous,true,,,,,,,,,MH,Risk Ratio,,Fixed effect,"#N/A",false,true,false,true,false,false,Wald,95%,,,,,,,,,,,,,,,,,,,,,,,analysis:414378293884296510
1,2,Non-vertebral fractures,Alendronate 10 mg/day vs Placebo - Base case,Custom input,"#N/A",Dichotomous,true,,,,,,,,,MH,Risk Ratio,,Fixed effect,"#N/A",false,true,false,true,false,false,Wald,95%,,,,,,,,,,,,,,,,,,,,,,,analysis:414378293884296519
1,3,Hip fractures,Alendronate 10 mg/day vs Placebo - Base case,Custom input,"#N/A",Dichotomous,true,,,,,,,,,MH,Risk Ratio,,Fixed effect,"#N/A",false,true,false,true,false,false,Wald,95%,,,,,,,,,,,,,,,,,,,,,,,analysis:414378293884296532
1,4,Wrist fractures,Alendronate 10 mg/day vs Placebo - Base case,Custom input,"#N/A",Dichotomous,true,,,,,,,,,MH,Risk Ratio,,Fixed effect,"#N/A",false,true,false,true,false,false,Wald,95%,,,,,,,,,,,,,,,,,,,,,,,analysis:414378293888490849
1,5,Radiographic vertebral fractures,Alendronate 10 mg/day vs Placebo - Base case,Custom input,"#N/A",Dichotomous,true,,,,,,,,,MH,Risk Ratio,,Fixed effect,"#N/A",false,true,false,true,false,false,Wald,95%,,,,,,,,,,,,,,,,,,,,,,,analysis:414378293884296502
1,6,Withdrawals due to adverse events,Alendronate 10 mg/day vs Placebo - Base case,Custom input,"#N/A",Dichotomous,true,,,,,,,,,MH,Risk Ratio,,Fixed effect,"#N/A",false,true,false,true,false,false,Wald,95%,,,,,,,,,,,,,,,,,,,,,,,analysis:414378293888490859
1,7,Serious adverse events,Alendronate 10 mg/day vs Placebo - Base case,Custom input,"#N/A",Dichotomous,true,,,,,,,,,MH,Risk Ratio,,Fixed effect,"#N/A",false,true,false,true,false,false,Wald,95%,,,,,,,,,,,,,,,,,,,,,,,analysis:414378293888490868
1,8,Gastrointestinal adverse events,Alendronate 10 mg/day vs Placebo - Base case,Custom input,"#N/A",Dichotomous,true,,,,,,,,,MH,Risk Ratio,,Fixed effect,"#N/A",false,true,false,true,false,false,Wald,95%,,,,,,,,,,,,,,,,,,,,,,,analysis:414378293888490874
1,9,Atypical femoral fracture,Alendronate 10 mg/day vs Placebo - Base case,Custom input,"#N/A",Dichotomous,true,,,,,,,,,MH,Risk Ratio,,Fixed effect,"#N/A",false,true,false,true,false,false,Wald,95%,,,,,,,,,,,,,,,,,,,,,,,analysis:414378293888490889
1,10,Osteonecrosis of the Jaw,Alendronate 10 mg/day vs Placebo - Base case,Custom input,"#N/A",Dichotomous,true,,,,,,,,,MH,Risk Ratio,,Fixed effect,"#N/A",false,true,false,true,false,false,Wald,95%,,,,,,,,,,,,,,,,,,,,,,,analysis:437622772711145751
2,1,Clinical vertebral fractures,Alendronate 10 mg/day vs Placebo - Subgroup of 1-year studies,Custom input,"#N/A",Dichotomous,true,,,,,,,,,MH,Risk Ratio,,Fixed effect,"#N/A",false,true,false,true,false,false,Wald,95%,,,,,,,,,,,,,,,,,,,,,,,analysis:415196120644709480
2,2,Non-vertebral fractures,Alendronate 10 mg/day vs Placebo - Subgroup of 1-year studies,Custom input,"#N/A",Dichotomous,true,,,,,,,,,MH,Risk Ratio,,Fixed effect,"#N/A",false,true,false,true,false,false,Wald,95%,,,,,,,,,,,,,,,,,,,,,,,analysis:415196120644709487
2,3,Hip fractures,Alendronate 10 mg/day vs Placebo - Subgroup of 1-year studies,Custom input,"#N/A",Dichotomous,true,,,,,,,,,MH,Risk Ratio,,Fixed effect,"#N/A",false,true,false,true,false,false,Wald,95%,,,,,,,,,,,,,,,,,,,,,,,analysis:415196120644709497
2,4,Wrist fractures,Alendronate 10 mg/day vs Placebo - Subgroup of 1-year studies,Custom input,"#N/A",Dichotomous,true,,,,,,,,,MH,Risk Ratio,,Fixed effect,"#N/A",false,true,false,true,false,false,Wald,95%,,,,,,,,,,,,,,,,,,,,,,,analysis:415196120644709508
2,5,Radiographic vertebral fractures,Alendronate 10 mg/day vs Placebo - Subgroup of 1-year studies,Custom input,"#N/A",Dichotomous,true,,,,,,,,,MH,Risk Ratio,,Fixed effect,"#N/A",false,true,false,true,false,false,Wald,95%,,,,,,,,,,,,,,,,,,,,,,,analysis:415196120644709476
3,1,Clinical vertebral fractures,Alendronate 10 mg/day vs Placebo - Subgroup of 2-year studies,Custom input,"#N/A",Dichotomous,true,,,,,,,,,MH,Risk Ratio,,Fixed effect,"#N/A",false,true,false,true,false,false,Wald,95%,,,,,,,,,,,,,,,,,,,,,,,analysis:415196120673545367
3,2,Non-vertebral fractures,Alendronate 10 mg/day vs Placebo - Subgroup of 2-year studies,Custom input,"#N/A",Dichotomous,true,,,,,,,,,MH,Risk Ratio,,Fixed effect,"#N/A",false,true,false,true,false,false,Wald,95%,,,,,,,,,,,,,,,,,,,,,,,analysis:416306838963602285
3,3,Hip fractures,Alendronate 10 mg/day vs Placebo - Subgroup of 2-year studies,Custom input,"#N/A",Dichotomous,true,,,,,,,,,MH,Risk Ratio,,Fixed effect,"#N/A",false,true,false,true,false,false,Wald,95%,,,,,,,,,,,,,,,,,,,,,,,analysis:415196120673545370
3,4,Wrist fractures,Alendronate 10 mg/day vs Placebo - Subgroup of 2-year studies,Custom input,"#N/A",Dichotomous,true,,,,,,,,,MH,Risk Ratio,,Fixed effect,"#N/A",false,true,false,true,false,false,Wald,95%,,,,,,,,,,,,,,,,,,,,,,,analysis:415196120673545377
3,5,Radiographic vertebral fractures,Alendronate 10 mg/day vs Placebo - Subgroup of 2-year studies,Custom input,"#N/A",Dichotomous,true,,,,,,,,,MH,Risk Ratio,,Fixed effect,"#N/A",false,true,false,true,false,false,Wald,95%,,,,,,,,,,,,,,,,,,,,,,,analysis:415196120673545361
4,1,Clinical vertebral fractures,Alendronate 10 mg/day vs Placebo - Subgroup of 3-year studies,Custom input,"#N/A",Dichotomous,true,,,,,,,,,MH,Risk Ratio,,Fixed effect,"#N/A",false,true,false,true,false,false,Wald,95%,,,,,,,,,,,,,,,,,,,,,,,analysis:415196120693992624
4,2,Non-vertebral fractures,Alendronate 10 mg/day vs Placebo - Subgroup of 3-year studies,Custom input,"#N/A",Dichotomous,true,,,,,,,,,MH,Risk Ratio,,Fixed effect,"#N/A",false,true,false,true,false,false,Wald,95%,,,,,,,,,,,,,,,,,,,,,,,analysis:415196120693992629
4,3,Hip fractures,Alendronate 10 mg/day vs Placebo - Subgroup of 3-year studies,Custom input,"#N/A",Dichotomous,true,,,,,,,,,MH,Risk Ratio,,Fixed effect,"#N/A",false,true,false,true,false,false,Wald,95%,,,,,,,,,,,,,,,,,,,,,,,analysis:415196120693992634
4,4,Wrist fractures,Alendronate 10 mg/day vs Placebo - Subgroup of 3-year studies,Custom input,"#N/A",Dichotomous,true,,,,,,,,,MH,Risk Ratio,,Fixed effect,"#N/A",false,true,false,true,false,false,Wald,95%,,,,,,,,,,,,,,,,,,,,,,,analysis:415196120693992639
4,5,Radiographic vertebral fractures,Alendronate 10 mg/day vs Placebo - Subgroup of 3-year studies,Custom input,"#N/A",Dichotomous,true,,,,,,,,,MH,Risk Ratio,,Fixed effect,"#N/A",false,true,false,true,false,false,Wald,95%,,,,,,,,,,,,,,,,,,,,,,,analysis:415196120693992620
5,1,Non-vertebral fractures,Alendronate 10 mg/day vs Placebo - Subgroup of 4-year studies,Custom input,"#N/A",Dichotomous,true,,,,,,,,,MH,Risk Ratio,,Fixed effect,"#N/A",false,true,false,true,false,false,Wald,95%,,,,,,,,,,,,,,,,,,,,,,,analysis:415196120714439886
5,2,Hip fractures,Alendronate 10 mg/day vs Placebo - Subgroup of 4-year studies,Custom input,"#N/A",Dichotomous,true,,,,,,,,,MH,Risk Ratio,,Fixed effect,"#N/A",false,true,false,true,false,false,Wald,95%,,,,,,,,,,,,,,,,,,,,,,,analysis:415196120714439889
5,3,Wrist fractures,Alendronate 10 mg/day vs Placebo - Subgroup of 4-year studies,Custom input,"#N/A",Dichotomous,true,,,,,,,,,MH,Risk Ratio,,Fixed effect,"#N/A",false,true,false,true,false,false,Wald,95%,,,,,,,,,,,,,,,,,,,,,,,analysis:415196120714439892
5,4,Radiographic vertebral fractures,Alendronate 10 mg/day vs Placebo - Subgroup of 4-year studies,Custom input,"#N/A",Dichotomous,true,,,,,,,,,MH,Risk Ratio,,Fixed effect,"#N/A",false,true,false,true,false,false,Wald,95%,,,,,,,,,,,,,,,,,,,,,,,analysis:415196120714439883
6,1,Clinical vertebral fractures,Alendronate 10 mg/day vs Placebo - Subgroup of 5-year studies,Custom input,"#N/A",Dichotomous,true,,,,,,,,,MH,Risk Ratio,,Fixed effect,"#N/A",false,true,false,true,false,false,Wald,95%,,,,,,,,,,,,,,,,,,,,,,,analysis:437694742657730315
6,2,Non-vertebral fractures,Alendronate 10 mg/day vs Placebo - Subgroup of 5-year studies,Custom input,"#N/A",Dichotomous,true,,,,,,,,,MH,Risk Ratio,,Fixed effect,"#N/A",false,true,false,true,false,false,Wald,95%,,,,,,,,,,,,,,,,,,,,,,,analysis:438098584431590912
6,3,Hip fractures,Alendronate 10 mg/day vs Placebo - Subgroup of 5-year studies,Custom input,"#N/A",Dichotomous,true,,,,,,,,,MH,Risk Ratio,,Fixed effect,"#N/A",false,true,false,true,false,false,Wald,95%,,,,,,,,,,,,,,,,,,,,,,,analysis:438098587947728387
6,4,Radiographic vertebral fractures,Alendronate 10 mg/day vs Placebo - Subgroup of 5-year studies,Custom input,"#N/A",Dichotomous,true,,,,,,,,,MH,Risk Ratio,,Fixed effect,"#N/A",false,true,false,true,false,false,Wald,95%,,,,,,,,,,,,,,,,,,,,,,,analysis:438098590303354374
7,1,Clinical vertebral fractures,Alendronate 10 mg/day vs Placebo - Subgroup of bisphosphonate-naïve participants,Custom input,"#N/A",Dichotomous,true,,,,,,,,,MH,Risk Ratio,,Fixed effect,"#N/A",false,true,false,true,false,false,Wald,95%,,,,,,,,,,,,,,,,,,,,,,,analysis:415196120751402229
7,2,Non-vertebral fractures,Alendronate 10 mg/day vs Placebo - Subgroup of bisphosphonate-naïve participants,Custom input,"#N/A",Dichotomous,true,,,,,,,,,MH,Risk Ratio,,Fixed effect,"#N/A",false,true,false,true,false,false,Wald,95%,,,,,,,,,,,,,,,,,,,,,,,analysis:415196120751402234
7,3,Hip fractures,Alendronate 10 mg/day vs Placebo - Subgroup of bisphosphonate-naïve participants,Custom input,"#N/A",Dichotomous,true,,,,,,,,,MH,Risk Ratio,,Fixed effect,"#N/A",false,true,false,true,false,false,Wald,95%,,,,,,,,,,,,,,,,,,,,,,,analysis:415196120751402242
7,4,Wrist fractures,Alendronate 10 mg/day vs Placebo - Subgroup of bisphosphonate-naïve participants,Custom input,"#N/A",Dichotomous,true,,,,,,,,,MH,Risk Ratio,,Fixed effect,"#N/A",false,true,false,true,false,false,Wald,95%,,,,,,,,,,,,,,,,,,,,,,,analysis:415196120751402252
7,5,Radiographic vertebral fractures,Alendronate 10 mg/day vs Placebo - Subgroup of bisphosphonate-naïve participants,Custom input,"#N/A",Dichotomous,true,,,,,,,,,MH,Risk Ratio,,Fixed effect,"#N/A",false,true,false,true,false,false,Wald,95%,,,,,,,,,,,,,,,,,,,,,,,analysis:415196120747207917
8,1,Clinical vertebral fractures,Alendronate 10 mg/day vs Placebo - Subgroup of bisphosphonate-experienced participants,Custom input,"#N/A",Dichotomous,true,,,,,,,,,MH,Risk Ratio,,Fixed effect,"#N/A",false,true,false,true,false,false,Wald,95%,,,,,,,,,,,,,,,,,,,,,,,analysis:436970497424613095
8,2,Non-vertebral fractures,Alendronate 10 mg/day vs Placebo - Subgroup of bisphosphonate-experienced participants,Custom input,"#N/A",Dichotomous,true,,,,,,,,,MH,Risk Ratio,,Fixed effect,"#N/A",false,true,false,true,false,false,Wald,95%,,,,,,,,,,,,,,,,,,,,,,,analysis:437694978446821212
8,3,Hip fractures,Alendronate 10 mg/day vs Placebo - Subgroup of bisphosphonate-experienced participants,Custom input,"#N/A",Dichotomous,true,,,,,,,,,MH,Risk Ratio,,Fixed effect,"#N/A",false,true,true,true,false,false,Wald,95%,20,662,13,437,1.015571,0.510542,2.020173,,,,,,0.0,0,1.0,0.0,0.044032,0.964879,0.0,0,0.0,100.0,analysis:438098817010728763
8,4,Radiographic vertebral fractures,Alendronate 10 mg/day vs Placebo - Subgroup of bisphosphonate-experienced participants,Custom input,"#N/A",Dichotomous,true,,,,,,,,,MH,Risk Ratio,,Fixed effect,"#N/A",false,true,true,true,false,false,Wald,95%,60,662,46,437,0.861027,0.597955,1.239839,,,,,,0.0,0,1.0,0.0,0.804331,0.421206,0.0,0,1.0,0.0,analysis:438098825452289858
9,1,Clinical vertebral fractures,Alendronate 10 mg/day vs Placebo - Sensitivity analyses with baseline denominators,Custom input,"#N/A",Dichotomous,true,,,,,,,,,MH,Risk Ratio,,Fixed effect,"#N/A",false,true,false,true,false,false,Wald,95%,,,,,,,,,,,,,,,,,,,,,,,analysis:415196120792296760
9,2,Non-vertebral fractures,Alendronate 10 mg/day vs Placebo - Sensitivity analyses with baseline denominators,Custom input,"#N/A",Dichotomous,true,,,,,,,,,MH,Risk Ratio,,Fixed effect,"#N/A",false,true,false,true,false,false,Wald,95%,,,,,,,,,,,,,,,,,,,,,,,analysis:415196120792296771
9,3,Hip fractures,Alendronate 10 mg/day vs Placebo - Sensitivity analyses with baseline denominators,Custom input,"#N/A",Dichotomous,true,,,,,,,,,MH,Risk Ratio,,Fixed effect,"#N/A",false,true,false,true,false,false,Wald,95%,,,,,,,,,,,,,,,,,,,,,,,analysis:415196120792296785
9,4,Wrist fractures,Alendronate 10 mg/day vs Placebo - Sensitivity analyses with baseline denominators,Custom input,"#N/A",Dichotomous,true,,,,,,,,,MH,Risk Ratio,,Fixed effect,"#N/A",false,true,false,true,false,false,Wald,95%,,,,,,,,,,,,,,,,,,,,,,,analysis:415196120792296801
9,5,Radiographic vertebral fractures,Alendronate 10 mg/day vs Placebo - Sensitivity analyses with baseline denominators,Custom input,"#N/A",Dichotomous,true,,,,,,,,,MH,Risk Ratio,,Fixed effect,"#N/A",false,true,false,true,false,false,Wald,95%,,,,,,,,,,,,,,,,,,,,,,,analysis:415196120792296750
10,1,Clinical vertebral fractures,Alendronate 10 mg/day vs Placebo - Sensitivity analyses with studies reporting fractures as efficacy outcomes,Custom input,"#N/A",Dichotomous,true,,,,,,,,,MH,Risk Ratio,,Fixed effect,"#N/A",false,true,false,true,false,false,Wald,95%,,,,,,,,,,,,,,,,,,,,,,,analysis:415196120825064829
10,2,Non-vertebral fractures,Alendronate 10 mg/day vs Placebo - Sensitivity analyses with studies reporting fractures as efficacy outcomes,Custom input,"#N/A",Dichotomous,true,,,,,,,,,MH,Risk Ratio,,Fixed effect,"#N/A",false,true,false,true,false,false,Wald,95%,,,,,,,,,,,,,,,,,,,,,,,analysis:415196120825064834
10,3,Hip fractures,Alendronate 10 mg/day vs Placebo - Sensitivity analyses with studies reporting fractures as efficacy outcomes,Custom input,"#N/A",Dichotomous,true,,,,,,,,,MH,Risk Ratio,,Fixed effect,"#N/A",false,true,false,true,false,false,Wald,95%,,,,,,,,,,,,,,,,,,,,,,,analysis:415196120825064840
10,4,Wrist fractures,Alendronate 10 mg/day vs Placebo - Sensitivity analyses with studies reporting fractures as efficacy outcomes,Custom input,"#N/A",Dichotomous,true,,,,,,,,,MH,Risk Ratio,,Fixed effect,"#N/A",false,true,false,true,false,false,Wald,95%,,,,,,,,,,,,,,,,,,,,,,,analysis:415196120825064847
10,5,Radiographic vertebral fractures,Alendronate 10 mg/day vs Placebo - Sensitivity analyses with studies reporting fractures as efficacy outcomes,Custom input,"#N/A",Dichotomous,true,,,,,,,,,MH,Risk Ratio,,Fixed effect,"#N/A",false,true,false,true,false,false,Wald,95%,,,,,,,,,,,,,,,,,,,,,,,analysis:415196120825064821
11,1,Clinical vertebral fractures,Alendronate 10 mg/day vs Placebo - Sensitivity analyses with studies of high methodological quality,Custom input,"#N/A",Dichotomous,true,,,,,,,,,MH,Risk Ratio,,Fixed effect,"#N/A",false,true,false,true,false,false,Wald,95%,,,,,,,,,,,,,,,,,,,,,,,analysis:415196120849706622
11,2,Non-vertebral fractures,Alendronate 10 mg/day vs Placebo - Sensitivity analyses with studies of high methodological quality,Custom input,"#N/A",Dichotomous,true,,,,,,,,,MH,Risk Ratio,,Fixed effect,"#N/A",false,true,false,true,false,false,Wald,95%,,,,,,,,,,,,,,,,,,,,,,,analysis:415196120849706625
11,3,Hip fractures,Alendronate 10 mg/day vs Placebo - Sensitivity analyses with studies of high methodological quality,Custom input,"#N/A",Dichotomous,true,,,,,,,,,MH,Risk Ratio,,Fixed effect,"#N/A",false,true,false,true,false,false,Wald,95%,,,,,,,,,,,,,,,,,,,,,,,analysis:415196120849706630
11,4,Wrist fractures,Alendronate 10 mg/day vs Placebo - Sensitivity analyses with studies of high methodological quality,Custom input,"#N/A",Dichotomous,true,,,,,,,,,MH,Risk Ratio,,Fixed effect,"#N/A",false,true,false,true,false,false,Wald,95%,,,,,,,,,,,,,,,,,,,,,,,analysis:415196120849706635
11,5,Radiographic vertebral fractures,Alendronate 10 mg/day vs Placebo - Sensitivity analyses with studies of high methodological quality,Custom input,"#N/A",Dichotomous,true,,,,,,,,,MH,Risk Ratio,,Fixed effect,"#N/A",false,true,false,true,false,false,Wald,95%,,,,,,,,,,,,,,,,,,,,,,,analysis:415196120849706617
12,1,Clinical vertebral fractures,Alendronate 10 mg/day vs Placebo - Sensitivity analyses excluding primary/secondary studies defined by age alone,Custom input,"#N/A",Dichotomous,true,,,,,,,,,MH,Risk Ratio,,Fixed effect,"#N/A",false,true,false,true,false,false,Wald,95%,,,,,,,,,,,,,,,,,,,,,,,analysis:416473164462969203
12,2,Non-vertebral fractures,Alendronate 10 mg/day vs Placebo - Sensitivity analyses excluding primary/secondary studies defined by age alone,Custom input,"#N/A",Dichotomous,true,,,,,,,,,MH,Risk Ratio,,Fixed effect,"#N/A",false,true,false,true,false,false,Wald,95%,,,,,,,,,,,,,,,,,,,,,,,analysis:416473164516446590
12,3,Hip fractures,Alendronate 10 mg/day vs Placebo - Sensitivity analyses excluding primary/secondary studies defined by age alone,Custom input,"#N/A",Dichotomous,true,,,,,,,,,MH,Risk Ratio,,Fixed effect,"#N/A",false,true,false,true,false,false,Wald,95%,,,,,,,,,,,,,,,,,,,,,,,analysis:416473164590109068
12,4,Wrist fractures,Alendronate 10 mg/day vs Placebo - Sensitivity analyses excluding primary/secondary studies defined by age alone,Custom input,"#N/A",Dichotomous,true,,,,,,,,,MH,Risk Ratio,,Fixed effect,"#N/A",false,true,false,true,false,false,Wald,95%,,,,,,,,,,,,,,,,,,,,,,,analysis:416473164684218780
12,5,Radiographic vertebral fractures,Alendronate 10 mg/day vs Placebo - Sensitivity analyses excluding primary/secondary studies defined by age alone,Custom input,"#N/A",Dichotomous,true,,,,,,,,,MH,Risk Ratio,,Fixed effect,"#N/A",false,true,false,true,false,false,Wald,95%,,,,,,,,,,,,,,,,,,,,,,,analysis:416473164315644265
13,1,Clinical vertebral fractures,Alendronate 10 mg/day vs Placebo - Sensitivity analysis excluding studies using mixed doses,Custom input,"#N/A",Dichotomous,true,,,,,,,,,MH,Risk Ratio,,Fixed effect,"#N/A",false,true,false,true,false,false,Wald,95%,,,,,,,,,,,,,,,,,,,,,,,analysis:415196120870154200
13,2,Non-vertebral fractures,Alendronate 10 mg/day vs Placebo - Sensitivity analysis excluding studies using mixed doses,Custom input,"#N/A",Dichotomous,true,,,,,,,,,MH,Risk Ratio,,Fixed effect,"#N/A",false,true,false,true,false,false,Wald,95%,,,,,,,,,,,,,,,,,,,,,,,analysis:415196120870154209
13,3,Hip fractures,Alendronate 10 mg/day vs Placebo - Sensitivity analysis excluding studies using mixed doses,Custom input,"#N/A",Dichotomous,true,,,,,,,,,MH,Risk Ratio,,Fixed effect,"#N/A",false,true,false,true,false,false,Wald,95%,,,,,,,,,,,,,,,,,,,,,,,analysis:415196120870154221
13,4,Wrist fractures,Alendronate 10 mg/day vs Placebo - Sensitivity analysis excluding studies using mixed doses,Custom input,"#N/A",Dichotomous,true,,,,,,,,,MH,Risk Ratio,,Fixed effect,"#N/A",false,true,false,true,false,false,Wald,95%,,,,,,,,,,,,,,,,,,,,,,,analysis:415196120874086393
13,5,Radiographic vertebral fractures,Alendronate 10 mg/day vs Placebo - Sensitivity analysis excluding studies using mixed doses,Custom input,"#N/A",Dichotomous,true,,,,,,,,,MH,Risk Ratio,,Fixed effect,"#N/A",false,true,false,true,false,false,Wald,95%,,,,,,,,,,,,,,,,,,,,,,,analysis:415196120870154193
14,1,Clinical vertebral fractures,Alendronate 5 mg/day vs Placebo - Base case,Custom input,"#N/A",Dichotomous,true,,,,,,,,,MH,Risk Ratio,,Fixed effect,"#N/A",false,true,false,true,false,false,Wald,95%,,,,,,,,,,,,,,,,,,,,,,,analysis:414378294351176344
14,2,Non-vertebral fractures,Alendronate 5 mg/day vs Placebo - Base case,Custom input,"#N/A",Dichotomous,true,,,,,,,,,MH,Risk Ratio,,Fixed effect,"#N/A",false,true,false,true,false,false,Wald,95%,,,,,,,,,,,,,,,,,,,,,,,analysis:414378294351176347
14,3,Hip fractures,Alendronate 5 mg/day vs Placebo - Base case,Custom input,"#N/A",Dichotomous,true,,,,,,,,,MH,Risk Ratio,,Fixed effect,"#N/A",false,true,false,true,false,false,Wald,95%,,,,,,,,,,,,,,,,,,,,,,,analysis:415196121443463987
14,4,Radiographic vertebral fractures,Alendronate 5 mg/day vs Placebo - Base case,Custom input,"#N/A",Dichotomous,true,,,,,,,,,MH,Risk Ratio,,Fixed effect,"#N/A",false,true,false,true,false,false,Wald,95%,,,,,,,,,,,,,,,,,,,,,,,analysis:414378294351176341
14,5,Withdrawals due to adverse events,Alendronate 5 mg/day vs Placebo - Base case,Custom input,"#N/A",Dichotomous,true,,,,,,,,,MH,Risk Ratio,,Fixed effect,"#N/A",false,true,false,true,false,false,Wald,95%,,,,,,,,,,,,,,,,,,,,,,,analysis:415741612418493452
14,6,Serious adverse events,Alendronate 5 mg/day vs Placebo - Base case,Custom input,"#N/A",Dichotomous,true,,,,,,,,,MH,Risk Ratio,,Fixed effect,"#N/A",false,true,false,true,false,false,Wald,95%,,,,,,,,,,,,,,,,,,,,,,,analysis:415741817509492345
14,7,Gastrointestinal adverse events,Alendronate 5 mg/day vs Placebo - Base case,Custom input,"#N/A",Dichotomous,true,,,,,,,,,MH,Risk Ratio,,Fixed effect,"#N/A",false,true,false,true,false,false,Wald,95%,,,,,,,,,,,,,,,,,,,,,,,analysis:415812773745230705
14,8,Atypical femoral fracture,Alendronate 5 mg/day vs Placebo - Base case,Custom input,"#N/A",Dichotomous,true,,,,,,,,,MH,Risk Ratio,,Fixed effect,"#N/A",false,true,false,true,false,false,Wald,95%,,,,,,,,,,,,,,,,,,,,,,,analysis:415812991275568138
14,9,Osteonecrosis of the jaw,Alendronate 5 mg/day vs Placebo - Base case,Custom input,"#N/A",Dichotomous,true,,,,,,,,,MH,Risk Ratio,,Fixed effect,"#N/A",false,true,false,true,false,false,Wald,95%,,,,,,,,,,,,,,,,,,,,,,,analysis:416853246587780957
15,1,Clinical vertebral fractures,Alendronate 5 mg/day vs Placebo - Subgroup of 1-year studies,Custom input,"#N/A",Dichotomous,true,,,,,,,,,MH,Risk Ratio,,Fixed effect,"#N/A",false,true,false,true,false,false,Wald,95%,,,,,,,,,,,,,,,,,,,,,,,analysis:416311320121035954
15,2,Non-vertebral fractures,Alendronate 5 mg/day vs Placebo - Subgroup of 1-year studies,Custom input,"#N/A",Dichotomous,true,,,,,,,,,MH,Risk Ratio,,Fixed effect,"#N/A",false,true,false,true,false,false,Wald,95%,,,,,,,,,,,,,,,,,,,,,,,analysis:415196121627751258
15,3,Hip fractures,Alendronate 5 mg/day vs Placebo - Subgroup of 1-year studies,Custom input,"#N/A",Dichotomous,true,,,,,,,,,MH,Risk Ratio,,Fixed effect,"#N/A",false,true,false,true,false,false,Wald,95%,,,,,,,,,,,,,,,,,,,,,,,analysis:415196121627751261
15,4,Radiographic vertebral fractures,Alendronate 5 mg/day vs Placebo - Subgroup of 1-year studies,Custom input,"#N/A",Dichotomous,true,,,,,,,,,MH,Risk Ratio,,Fixed effect,"#N/A",false,true,false,true,false,false,Wald,95%,,,,,,,,,,,,,,,,,,,,,,,analysis:415196121627751255
16,1,Clinical vertebral fractures,Alendronate 5 mg/day vs Placebo - Subgroup of 2-year studies,Custom input,"#N/A",Dichotomous,true,,,,,,,,,MH,Risk Ratio,,Fixed effect,"#N/A",false,true,false,true,false,false,Wald,95%,,,,,,,,,,,,,,,,,,,,,,,analysis:415196121644266346
16,2,Non-vertebral fractures,Alendronate 5 mg/day vs Placebo - Subgroup of 2-year studies,Custom input,"#N/A",Dichotomous,true,,,,,,,,,MH,Risk Ratio,,Fixed effect,"#N/A",false,true,false,true,false,false,Wald,95%,,,,,,,,,,,,,,,,,,,,,,,analysis:415196121644266349
16,3,Hip fractures,Alendronate 5 mg/day vs Placebo - Subgroup of 2-year studies,Custom input,"#N/A",Dichotomous,true,,,,,,,,,MH,Risk Ratio,,Fixed effect,"#N/A",false,true,false,true,false,false,Wald,95%,,,,,,,,,,,,,,,,,,,,,,,analysis:415196121644266355
16,4,Radiographic vertebral fractures,Alendronate 5 mg/day vs Placebo - Subgroup of 2-year studies,Custom input,"#N/A",Dichotomous,true,,,,,,,,,MH,Risk Ratio,,Fixed effect,"#N/A",false,true,false,true,false,false,Wald,95%,,,,,,,,,,,,,,,,,,,,,,,analysis:415196121644266340
17,1,Non-vertebral fractures,Alendronate 5 mg/day vs Placebo - Subgroup of 3-year studies,Custom input,"#N/A",Dichotomous,true,,,,,,,,,MH,Risk Ratio,,Fixed effect,"#N/A",false,true,false,true,false,false,Wald,95%,,,,,,,,,,,,,,,,,,,,,,,analysis:415196121664713598
17,2,Radiographic vertebral fractures,Alendronate 5 mg/day vs Placebo - Subgroup of 3-year studies,Custom input,"#N/A",Dichotomous,true,,,,,,,,,MH,Risk Ratio,,Fixed effect,"#N/A",false,true,false,true,false,false,Wald,95%,,,,,,,,,,,,,,,,,,,,,,,analysis:415196121664713595
18,1,Clinical vertebral fractures,Alendronate 5 mg/day vs Placebo - Subgroup of bisphosphonate-naïve participants,Custom input,"#N/A",Dichotomous,true,,,,,,,,,MH,Risk Ratio,,Fixed effect,"#N/A",false,true,false,true,false,false,Wald,95%,,,,,,,,,,,,,,,,,,,,,,,analysis:415488947842821609
18,2,Non-vertebral fractures,Alendronate 5 mg/day vs Placebo - Subgroup of bisphosphonate-naïve participants,Custom input,"#N/A",Dichotomous,true,,,,,,,,,MH,Risk Ratio,,Fixed effect,"#N/A",false,true,false,true,false,false,Wald,95%,,,,,,,,,,,,,,,,,,,,,,,analysis:415488947842821612
18,3,Radiographic vertebral fractures,Alendronate 5 mg/day vs Placebo - Subgroup of bisphosphonate-naïve participants,Custom input,"#N/A",Dichotomous,true,,,,,,,,,MH,Risk Ratio,,Fixed effect,"#N/A",false,true,false,true,false,false,Wald,95%,,,,,,,,,,,,,,,,,,,,,,,analysis:415488947842821606
19,1,Clinical vertebral fractures,Alendronate 5 mg/day vs Placebo - Sensitivity analyses with baseline denominators,Custom input,"#N/A",Dichotomous,true,,,,,,,,,MH,Risk Ratio,,Fixed effect,"#N/A",false,true,false,true,false,false,Wald,95%,,,,,,,,,,,,,,,,,,,,,,,analysis:415488947859336699
19,2,Non-vertebral fractures,Alendronate 5 mg/day vs Placebo - Sensitivity analyses with baseline denominators,Custom input,"#N/A",Dichotomous,true,,,,,,,,,MH,Risk Ratio,,Fixed effect,"#N/A",false,true,false,true,false,false,Wald,95%,,,,,,,,,,,,,,,,,,,,,,,analysis:415488947859336702
19,3,Hip fractures,Alendronate 5 mg/day vs Placebo - Sensitivity analyses with baseline denominators,Custom input,"#N/A",Dichotomous,true,,,,,,,,,MH,Risk Ratio,,Fixed effect,"#N/A",false,true,false,true,false,false,Wald,95%,,,,,,,,,,,,,,,,,,,,,,,analysis:415488947859336709
19,4,Radiographic vertebral fractures,Alendronate 5 mg/day vs Placebo - Sensitivity analyses with baseline denominators,Custom input,"#N/A",Dichotomous,true,,,,,,,,,MH,Risk Ratio,,Fixed effect,"#N/A",false,true,false,true,false,false,Wald,95%,,,,,,,,,,,,,,,,,,,,,,,analysis:415488947859336692
20,1,Non-vertebral fractures,Alendronate 5 mg/day vs Placebo - Sensitivity analyses with studies reporting fractures as efficacy outcomes,Custom input,"#N/A",Dichotomous,true,,,,,,,,,MH,Risk Ratio,,Fixed effect,"#N/A",false,true,false,true,false,false,Wald,95%,,,,,,,,,,,,,,,,,,,,,,,analysis:415488947875589650
20,2,Hip fractures,Alendronate 5 mg/day vs Placebo - Sensitivity analyses with studies reporting fractures as efficacy outcomes,Custom input,"#N/A",Dichotomous,true,,,,,,,,,MH,Risk Ratio,,Fixed effect,"#N/A",false,true,false,true,false,false,Wald,95%,,,,,,,,,,,,,,,,,,,,,,,analysis:415488947875589654
20,3,Radiographic vertebral fractures,Alendronate 5 mg/day vs Placebo - Sensitivity analyses with studies reporting fractures as efficacy outcomes,Custom input,"#N/A",Dichotomous,true,,,,,,,,,MH,Risk Ratio,,Fixed effect,"#N/A",false,true,false,true,false,false,Wald,95%,,,,,,,,,,,,,,,,,,,,,,,analysis:415488947875589645
21,1,Clinical vertebral fractures,Alendronate 5 mg/day vs Placebo - Sensitivity analyses with studies of high methodological quality,Custom input,"#N/A",Dichotomous,true,,,,,,,,,MH,Risk Ratio,,Fixed effect,"#N/A",false,true,false,true,false,false,Wald,95%,,,,,,,,,,,,,,,,,,,,,,,analysis:415488947892104733
21,2,Non-vertebral fractures,Alendronate 5 mg/day vs Placebo - Sensitivity analyses with studies of high methodological quality,Custom input,"#N/A",Dichotomous,true,,,,,,,,,MH,Risk Ratio,,Fixed effect,"#N/A",false,true,false,true,false,false,Wald,95%,,,,,,,,,,,,,,,,,,,,,,,analysis:415488947892104736
22,1,Non-vertebral fractures,Alendronate 5 mg/day vs Placebo - Sensitivity analyses excluding primary/secondary studies defined by age alone,Custom input,"#N/A",Dichotomous,true,,,,,,,,,MH,Risk Ratio,,Fixed effect,"#N/A",false,true,false,true,false,false,Wald,95%,,,,,,,,,,,,,,,,,,,,,,,analysis:416599788665211541
22,2,Hip fractures,Alendronate 5 mg/day vs Placebo - Sensitivity analyses excluding primary/secondary studies defined by age alone,Custom input,"#N/A",Dichotomous,true,,,,,,,,,MH,Risk Ratio,,Fixed effect,"#N/A",false,true,false,true,false,false,Wald,95%,,,,,,,,,,,,,,,,,,,,,,,analysis:416599788697979548
22,3,Radiographic vertebral fractures,Alendronate 5 mg/day vs Placebo - Sensitivity analyses excluding primary/secondary studies defined by age alone,Custom input,"#N/A",Dichotomous,true,,,,,,,,,MH,Risk Ratio,,Fixed effect,"#N/A",false,true,false,true,false,false,Wald,95%,,,,,,,,,,,,,,,,,,,,,,,analysis:416599788341725834
23,1,Clinical vertebral fractures,Alendronate 10 mg/day vs Alendronate 5 mg/day- All years,Custom input,"#N/A",Dichotomous,true,,,,,,,,,MH,Risk Ratio,,Fixed effect,"#N/A",false,true,false,true,false,false,Wald,95%,,,,,,,,,,,,,,,,,,,,,,,analysis:415488947904425520
23,2,Non-vertebral fractures,Alendronate 10 mg/day vs Alendronate 5 mg/day- All years,Custom input,"#N/A",Dichotomous,true,,,,,,,,,MH,Risk Ratio,,Fixed effect,"#N/A",false,true,false,true,false,false,Wald,95%,,,,,,,,,,,,,,,,,,,,,,,analysis:415488947904425531
23,3,Wrist fractures,Alendronate 10 mg/day vs Alendronate 5 mg/day- All years,Custom input,"#N/A",Dichotomous,true,,,,,,,,,MH,Risk Ratio,,Fixed effect,"#N/A",false,true,false,true,false,false,Wald,95%,,,,,,,,,,,,,,,,,,,,,,,analysis:415488947904425561
23,4,Radiographic vertebral fractures,Alendronate 10 mg/day vs Alendronate 5 mg/day- All years,Custom input,"#N/A",Dichotomous,true,,,,,,,,,MH,Risk Ratio,,Fixed effect,"#N/A",false,true,false,true,false,false,Wald,95%,,,,,,,,,,,,,,,,,,,,,,,analysis:415488947904425510
23,5,Withdrawals due to adverse events,Alendronate 10 mg/day vs Alendronate 5 mg/day- All years,Custom input,"#N/A",Dichotomous,true,,,,,,,,,MH,Risk Ratio,,Fixed effect,"#N/A",false,true,false,true,false,false,Wald,95%,,,,,,,,,,,,,,,,,,,,,,,analysis:415488947904425575
23,6,Serious adverse events,Alendronate 10 mg/day vs Alendronate 5 mg/day- All years,Custom input,"#N/A",Dichotomous,true,,,,,,,,,MH,Risk Ratio,,Fixed effect,"#N/A",false,true,false,true,false,false,Wald,95%,,,,,,,,,,,,,,,,,,,,,,,analysis:415488947904425610
23,7,Gastrointestinal adverse events,Alendronate 10 mg/day vs Alendronate 5 mg/day- All years,Custom input,"#N/A",Dichotomous,true,,,,,,,,,MH,Risk Ratio,,Fixed effect,"#N/A",false,true,false,true,false,false,Wald,95%,,,,,,,,,,,,,,,,,,,,,,,analysis:415490562605950078
23,8,Atypical femoral fracture,Alendronate 10 mg/day vs Alendronate 5 mg/day- All years,Custom input,"#N/A",Dichotomous,true,,,,,,,,,MH,Risk Ratio,,Fixed effect,"#N/A",false,true,false,true,false,false,Wald,95%,,,,,,,,,,,,,,,,,,,,,,,analysis:415488947908357810
23,9,Osteonecrosis of the jaw,Alendronate 10 mg/day vs Alendronate 5 mg/day- All years,Custom input,"#N/A",Dichotomous,true,,,,,,,,,MH,Risk Ratio,,Fixed effect,"#N/A",false,true,false,true,false,false,Wald,95%,,,,,,,,,,,,,,,,,,,,,,,analysis:415488947908357819
24,1,"Alendronate vs Other active agent, Primary",Alendronate vs Other active agent- Clinical vertebral fractures,Custom input,"#N/A",Dichotomous,true,,,,,,,,,MH,Risk Ratio,,Fixed effect,"#N/A",false,true,false,true,false,false,Wald,95%,,,,,,,,,,,,,,,,,,,,,,,analysis:415497249832955794
24,2,"Alendronate vs Other active agent, Secondary",Alendronate vs Other active agent- Clinical vertebral fractures,Custom input,"#N/A",Dichotomous,true,,,,,,,,,MH,Risk Ratio,,Fixed effect,"#N/A",false,true,false,true,false,false,Wald,95%,,,,,,,,,,,,,,,,,,,,,,,analysis:415497249734651377
25,1,"Alendronate vs Other active agent, Primary",Alendronate vs Other active agent- Non-vertebral fractures,Custom input,"#N/A",Dichotomous,true,,,,,,,,,MH,Risk Ratio,,Fixed effect,"#N/A",false,true,false,true,false,false,Wald,95%,,,,,,,,,,,,,,,,,,,,,,,analysis:415514413986326883
25,2,"Alendronate vs Other active agent, Secondary",Alendronate vs Other active agent- Non-vertebral fractures,Custom input,"#N/A",Dichotomous,true,,,,,,,,,MH,Risk Ratio,,Fixed effect,"#N/A",false,true,false,true,false,false,Wald,95%,,,,,,,,,,,,,,,,,,,,,,,analysis:415514414006774155
26,1,"Alendronate vs Other active agent, Primary",Alendronate vs Other active agent- Hip fractures,Custom input,"#N/A",Dichotomous,true,,,,,,,,,MH,Risk Ratio,,Fixed effect,"#N/A",false,true,false,true,false,false,Wald,95%,,,,,,,,,,,,,,,,,,,,,,,analysis:415671254412115522
26,2,"Alendronate vs Other active agent, Secondary",Alendronate vs Other active agent- Hip fractures,Custom input,"#N/A",Dichotomous,true,,,,,,,,,MH,Risk Ratio,,Fixed effect,"#N/A",false,true,false,true,false,false,Wald,95%,,,,,,,,,,,,,,,,,,,,,,,analysis:415671254489710217
27,1,"Alendronate vs Other active agent, Primary",Alendronate vs Other active agent- Wrist fractures,Custom input,"#N/A",Dichotomous,true,,,,,,,,,MH,Risk Ratio,,Fixed effect,"#N/A",false,true,false,true,false,false,Wald,95%,,,,,,,,,,,,,,,,,,,,,,,analysis:415673483476602882
27,2,"Alendronate vs Other active agent, Secondary",Alendronate vs Other active agent- Wrist fractures,Custom input,"#N/A",Dichotomous,true,,,,,,,,,MH,Risk Ratio,,Fixed effect,"#N/A",false,true,false,true,false,false,Wald,95%,,,,,,,,,,,,,,,,,,,,,,,analysis:415673483542139018
28,1,"Alendronate vs Other active agent, Primary",Alendronate vs Other active agent- Radiographic vertebral fractures,Custom input,"#N/A",Dichotomous,true,,,,,,,,,MH,Risk Ratio,,Fixed effect,"#N/A",false,true,false,true,false,false,Wald,95%,,,,,,,,,,,,,,,,,,,,,,,analysis:415491396863187635
28,2,"Alendronate vs Other active agent, Secondary",Alendronate vs Other active agent- Radiographic vertebral fractures,Custom input,"#N/A",Dichotomous,true,,,,,,,,,MH,Risk Ratio,,Fixed effect,"#N/A",false,true,false,true,false,false,Wald,95%,,,,,,,,,,,,,,,,,,,,,,,analysis:415492313626284664
29,1,"Alendronate vs Other active agent, Primary",Alendronate vs Other active agent- Withdrawals due to adverse events,Custom input,"#N/A",Dichotomous,true,,,,,,,,,MH,Risk Ratio,,Fixed effect,"#N/A",false,true,false,true,false,false,Wald,95%,,,,,,,,,,,,,,,,,,,,,,,analysis:415676471551280303
29,2,"Alendronate vs Other active agent, Secondary",Alendronate vs Other active agent- Withdrawals due to adverse events,Custom input,"#N/A",Dichotomous,true,,,,,,,,,MH,Risk Ratio,,Fixed effect,"#N/A",false,true,false,true,false,false,Wald,95%,,,,,,,,,,,,,,,,,,,,,,,analysis:415676471616816439
30,1,"Alendronate vs Other active agent, Primary",Alendronate vs Other active agent- Serious adverse events,Custom input,"#N/A",Dichotomous,true,,,,,,,,,MH,Risk Ratio,,Fixed effect,"#N/A",false,true,false,true,false,false,Wald,95%,,,,,,,,,,,,,,,,,,,,,,,analysis:415851733205225718
30,2,"Alendronate vs Other active agent, Secondary",Alendronate vs Other active agent- Serious adverse events,Custom input,"#N/A",Dichotomous,true,,,,,,,,,MH,Risk Ratio,,Fixed effect,"#N/A",false,true,false,true,false,false,Wald,95%,,,,,,,,,,,,,,,,,,,,,,,analysis:415851733372998344
31,1,"Alendronate 70 mg/week vs Zolendronic acid 5 mg/year, Secondary",Alendronate vs Zolendronic acid- Health-related quality of life,Custom input,"#N/A",Continuous,false,,,,,,,,,IV,Std. Mean Difference,,Fixed effect,"#N/A",false,true,false,true,false,false,Wald,95%,,,,,,,,,,,,,,,,,,,,,,,analysis:415880825982099534
32,1,"Alendronate vs Other active agent, Primary",Alendronate vs Other active agent- Gastrointestinal adverse events,Custom input,"#N/A",Dichotomous,true,,,,,,,,,MH,Risk Ratio,,Fixed effect,"#N/A",false,true,false,true,false,false,Wald,95%,,,,,,,,,,,,,,,,,,,,,,,analysis:415858195103146627
32,2,"Alendronate vs Other active agent, Secondary",Alendronate vs Other active agent- Gastrointestinal adverse events,Custom input,"#N/A",Dichotomous,true,,,,,,,,,MH,Risk Ratio,,Fixed effect,"#N/A",false,true,false,true,false,false,Wald,95%,,,,,,,,,,,,,,,,,,,,,,,analysis:415858195246539922
33,1,"Alendronate vs Other active agent, Primary",Alendronate vs Other active agent- Atypical femoral fracture,Custom input,"#N/A",Dichotomous,true,,,,,,,,,MH,Risk Ratio,,Fixed effect,"#N/A",false,true,false,true,false,false,Wald,95%,,,,,,,,,,,,,,,,,,,,,,,analysis:415875681484882006
33,2,"Alendronate vs Other active agent, Secondary",Alendronate vs Other active agent- Atypical femoral fracture,Custom input,"#N/A",Dichotomous,true,,,,,,,,,MH,Risk Ratio,,Fixed effect,"#N/A",false,true,false,true,false,false,Wald,95%,,,,,,,,,,,,,,,,,,,,,,,analysis:415875681726579301
34,1,"Alendronate vs Other active agent, Secondary",Alendronate vs Other active agent- Acute phase reaction,Custom input,"#N/A",Dichotomous,true,,,,,,,,,MH,Risk Ratio,,Fixed effect,"#N/A",false,true,false,true,false,false,Wald,95%,,,,,,,,,,,,,,,,,,,,,,,analysis:415879585269834390
35,1,"Alendronate vs Other active agent, Primary",Alendronate vs Other active agent- Osteonecrosis of the jaw,Custom input,"#N/A",Dichotomous,true,,,,,,,,,MH,Risk Ratio,,Fixed effect,"#N/A",false,true,false,true,false,false,Wald,95%,,,,,,,,,,,,,,,,,,,,,,,analysis:415879760816180078
35,2,"Alendronate vs Other active agent, Secondary",Alendronate vs Other active agent- Osteonecrosis of the jaw,Custom input,"#N/A",Dichotomous,true,,,,,,,,,MH,Risk Ratio,,Fixed effect,"#N/A",false,true,false,true,false,false,Wald,95%,,,,,,,,,,,,,,,,,,,,,,,analysis:415879760869395431
36,1,"Alendronate vs Other active agent, Primary",Alendronate vs Other active agent- Atrial fibrillation,Custom input,"#N/A",Dichotomous,true,,,,,,,,,MH,Risk Ratio,,Fixed effect,"#N/A",false,true,false,true,false,false,Wald,95%,,,,,,,,,,,,,,,,,,,,,,,analysis:415880577817129560
36,2,"Alendronate vs Other active agent, Secondary",Alendronate vs Other active agent- Atrial fibrillation,Custom input,"#N/A",Dichotomous,true,,,,,,,,,MH,Risk Ratio,,Fixed effect,"#N/A",false,true,false,true,false,false,Wald,95%,,,,,,,,,,,,,,,,,,,,,,,analysis:418823599801522299
37,1,"Alendronate 5 mg/day vs Alendronate 35 mg/week, Primary",Alendronate vs the therapeutic equivalent dose (TED)- All years,Custom input,"#N/A",Dichotomous,true,,,,,,,,,MH,Risk Ratio,,Fixed effect,"#N/A",false,true,false,true,false,false,Wald,95%,,,,,,,,,,,,,,,,,,,,,,,analysis:415881754311792984
37,2,"Alendronate 10 mg/day vs Alendronate 70 mg/week, Secondary",Alendronate vs the therapeutic equivalent dose (TED)- All years,Custom input,"#N/A",Dichotomous,true,,,,,,,,,MH,Risk Ratio,,Fixed effect,"#N/A",false,true,false,true,false,false,Wald,95%,,,,,,,,,,,,,,,,,,,,,,,analysis:416216670028996854
